{"cameraMode":{"drawMode":0,"name":"Shaded","section":"Shading Mode"},"sceneLighting":true,"audioPlay":false,"sceneViewState":{"m_AlwaysRefresh":false,"showFog":true,"showSkybox":true,"showFlares":true,"showImageEffects":true,"showParticleSystems":true,"showVisualEffectGraphs":true,"m_FxEnabled":true},"in2DMode":false,"pivot":{"x":-1.578810691833496,"y":-12.678860664367676,"z":11.780280113220215},"rotation":{"x":-0.4121469259262085,"y":-0.006287488155066967,"z":0.0028468971140682699,"w":-0.9111161828041077},"size":12.969911575317383,"orthographic":false}